-- --------------------------------------------------------
-- Host:                         127.0.0.1
-- Versión del servidor:         8.0.17 - MySQL Community Server - GPL
-- SO del servidor:              Win64
-- HeidiSQL Versión:             11.0.0.5919
-- --------------------------------------------------------

/*!40101 SET @OLD_CHARACTER_SET_CLIENT=@@CHARACTER_SET_CLIENT */;
/*!40101 SET NAMES utf8 */;
/*!50503 SET NAMES utf8mb4 */;
/*!40014 SET @OLD_FOREIGN_KEY_CHECKS=@@FOREIGN_KEY_CHECKS, FOREIGN_KEY_CHECKS=0 */;
/*!40101 SET @OLD_SQL_MODE=@@SQL_MODE, SQL_MODE='NO_AUTO_VALUE_ON_ZERO' */;


-- Volcando estructura de base de datos para tienda
CREATE DATABASE IF NOT EXISTS `tienda` /*!40100 DEFAULT CHARACTER SET utf8 COLLATE utf8_unicode_ci */ /*!80016 DEFAULT ENCRYPTION='N' */;
USE `tienda`;

-- Volcando estructura para tabla tienda.tdetalleventa
CREATE TABLE IF NOT EXISTS `tdetalleventa` (
  `Id` int(11) NOT NULL AUTO_INCREMENT,
  `IdVenta` int(11) NOT NULL,
  `IdProducto` int(11) NOT NULL,
  `PrecioUnitario` decimal(60,2) NOT NULL DEFAULT '0.00',
  `Cantidad` int(11) NOT NULL,
  `Descargado` int(11) NOT NULL,
  PRIMARY KEY (`Id`),
  KEY `IdVenta` (`IdVenta`),
  KEY `IdProducto` (`IdProducto`),
  CONSTRAINT `FK_tdetalleventa_tproductos` FOREIGN KEY (`IdProducto`) REFERENCES `tproductos` (`Id`) ON DELETE RESTRICT,
  CONSTRAINT `FK_tdetalleventa_tventas` FOREIGN KEY (`IdVenta`) REFERENCES `tventas` (`Id`) ON DELETE RESTRICT
) ENGINE=InnoDB AUTO_INCREMENT=154 DEFAULT CHARSET=utf8mb4 COLLATE=utf8mb4_0900_ai_ci;

-- Volcando datos para la tabla tienda.tdetalleventa: ~153 rows (aproximadamente)
/*!40000 ALTER TABLE `tdetalleventa` DISABLE KEYS */;
INSERT INTO `tdetalleventa` (`Id`, `IdVenta`, `IdProducto`, `PrecioUnitario`, `Cantidad`, `Descargado`) VALUES
	(1, 5, 2, 410.00, 1, 0),
	(2, 5, 1, 350.00, 1, 0),
	(3, 5, 3, 290.00, 1, 0),
	(4, 6, 2, 410.00, 1, 0),
	(5, 6, 1, 350.00, 1, 0),
	(6, 6, 3, 290.00, 1, 0),
	(7, 7, 2, 410.00, 1, 0),
	(8, 7, 1, 350.00, 1, 0),
	(9, 7, 3, 290.00, 1, 0),
	(10, 8, 2, 410.00, 1, 0),
	(11, 8, 1, 350.00, 1, 0),
	(12, 8, 3, 290.00, 1, 0),
	(13, 9, 2, 410.00, 1, 0),
	(14, 9, 1, 350.00, 1, 0),
	(15, 9, 3, 290.00, 1, 0),
	(16, 10, 2, 410.00, 1, 0),
	(17, 10, 1, 350.00, 1, 0),
	(18, 10, 3, 290.00, 1, 0),
	(19, 11, 2, 410.00, 1, 0),
	(20, 11, 1, 350.00, 1, 0),
	(21, 11, 3, 290.00, 1, 0),
	(22, 12, 2, 410.00, 1, 0),
	(23, 12, 1, 350.00, 1, 0),
	(24, 12, 3, 290.00, 1, 0),
	(25, 13, 2, 410.00, 1, 0),
	(26, 13, 1, 350.00, 1, 0),
	(27, 13, 3, 290.00, 1, 0),
	(28, 14, 2, 410.00, 1, 0),
	(29, 14, 1, 350.00, 1, 0),
	(30, 14, 3, 290.00, 1, 0),
	(31, 15, 2, 410.00, 1, 0),
	(32, 15, 1, 350.00, 1, 0),
	(33, 15, 3, 290.00, 1, 0),
	(34, 16, 2, 410.00, 1, 0),
	(35, 16, 1, 350.00, 1, 0),
	(36, 16, 3, 290.00, 1, 0),
	(37, 17, 2, 410.00, 1, 0),
	(38, 17, 1, 350.00, 1, 0),
	(39, 17, 3, 290.00, 1, 0),
	(40, 18, 2, 410.00, 1, 0),
	(41, 18, 1, 350.00, 1, 0),
	(42, 18, 3, 290.00, 1, 0),
	(43, 19, 2, 410.00, 1, 0),
	(44, 19, 1, 350.00, 1, 0),
	(45, 19, 3, 290.00, 1, 0),
	(46, 20, 2, 410.00, 1, 0),
	(47, 20, 1, 350.00, 1, 0),
	(48, 20, 3, 290.00, 1, 0),
	(49, 21, 2, 410.00, 1, 0),
	(50, 21, 1, 350.00, 1, 0),
	(51, 21, 3, 290.00, 1, 0),
	(52, 22, 2, 410.00, 1, 0),
	(53, 22, 1, 350.00, 1, 0),
	(54, 22, 3, 290.00, 1, 0),
	(55, 23, 2, 410.00, 1, 0),
	(56, 23, 1, 350.00, 1, 0),
	(57, 23, 3, 290.00, 1, 0),
	(58, 24, 2, 410.00, 1, 0),
	(59, 24, 1, 350.00, 1, 0),
	(60, 24, 3, 290.00, 1, 0),
	(61, 25, 2, 410.00, 1, 0),
	(62, 25, 1, 350.00, 1, 0),
	(63, 25, 3, 290.00, 1, 0),
	(64, 26, 2, 410.00, 1, 0),
	(65, 26, 1, 350.00, 1, 0),
	(66, 26, 3, 290.00, 1, 0),
	(67, 27, 2, 410.00, 1, 0),
	(68, 27, 1, 350.00, 1, 0),
	(69, 27, 3, 290.00, 1, 0),
	(70, 28, 2, 410.00, 1, 0),
	(71, 28, 1, 350.00, 1, 0),
	(72, 28, 3, 290.00, 1, 0),
	(73, 29, 2, 410.00, 1, 0),
	(74, 29, 1, 350.00, 1, 0),
	(75, 29, 3, 290.00, 1, 0),
	(76, 30, 2, 410.00, 1, 0),
	(77, 30, 1, 350.00, 1, 0),
	(78, 30, 3, 290.00, 1, 0),
	(79, 31, 2, 410.00, 1, 0),
	(80, 31, 1, 350.00, 1, 0),
	(81, 31, 3, 290.00, 1, 0),
	(82, 32, 1, 350.00, 1, 0),
	(83, 33, 1, 350.00, 1, 0),
	(84, 34, 1, 350.00, 1, 0),
	(85, 35, 1, 350.00, 1, 0),
	(86, 36, 2, 410.00, 1, 0),
	(87, 37, 2, 410.00, 1, 0),
	(88, 38, 2, 410.00, 1, 0),
	(89, 39, 2, 410.00, 1, 0),
	(90, 40, 2, 410.00, 1, 0),
	(91, 41, 2, 410.00, 1, 0),
	(92, 42, 2, 410.00, 1, 0),
	(93, 43, 2, 410.00, 1, 0),
	(94, 44, 2, 410.00, 1, 0),
	(95, 45, 2, 410.00, 1, 0),
	(96, 46, 1, 350.00, 1, 0),
	(97, 47, 1, 350.00, 1, 0),
	(98, 48, 1, 350.00, 1, 0),
	(99, 49, 1, 350.00, 1, 0),
	(100, 50, 1, 350.00, 1, 0),
	(101, 51, 1, 350.00, 1, 0),
	(102, 52, 1, 350.00, 1, 0),
	(103, 53, 1, 350.00, 1, 0),
	(104, 54, 1, 350.00, 1, 0),
	(105, 54, 3, 290.00, 1, 0),
	(106, 55, 1, 350.00, 1, 0),
	(107, 55, 2, 410.00, 1, 0),
	(108, 56, 1, 350.00, 1, 0),
	(109, 56, 3, 290.00, 1, 0),
	(110, 57, 1, 350.00, 1, 0),
	(111, 57, 3, 290.00, 1, 0),
	(112, 58, 1, 350.00, 1, 0),
	(113, 58, 3, 290.00, 1, 0),
	(114, 59, 1, 350.00, 1, 0),
	(115, 59, 3, 290.00, 1, 0),
	(116, 60, 1, 350.00, 1, 0),
	(117, 60, 3, 290.00, 1, 0),
	(118, 61, 1, 350.00, 1, 0),
	(119, 61, 3, 290.00, 1, 0),
	(120, 62, 1, 350.00, 1, 0),
	(121, 62, 3, 290.00, 1, 0),
	(122, 63, 1, 350.00, 1, 0),
	(123, 63, 3, 290.00, 1, 0),
	(124, 64, 1, 350.00, 1, 0),
	(125, 64, 3, 290.00, 1, 0),
	(126, 65, 2, 410.00, 1, 0),
	(127, 66, 2, 410.00, 1, 0),
	(128, 67, 2, 410.00, 1, 0),
	(129, 68, 2, 410.00, 1, 0),
	(130, 69, 2, 410.00, 1, 0),
	(131, 70, 2, 410.00, 1, 0),
	(132, 71, 2, 410.00, 1, 0),
	(133, 72, 2, 410.00, 1, 0),
	(134, 73, 2, 410.00, 1, 0),
	(135, 74, 2, 410.00, 1, 0),
	(136, 75, 2, 410.00, 1, 0),
	(137, 76, 2, 410.00, 1, 0),
	(138, 77, 2, 410.00, 1, 0),
	(139, 78, 2, 410.00, 1, 0),
	(140, 79, 1, 350.00, 1, 0),
	(141, 79, 2, 410.00, 1, 0),
	(142, 80, 1, 350.00, 1, 0),
	(143, 80, 2, 410.00, 1, 0),
	(144, 81, 1, 350.00, 1, 0),
	(145, 81, 2, 410.00, 1, 0),
	(146, 82, 1, 350.00, 1, 0),
	(147, 82, 2, 410.00, 1, 0),
	(148, 83, 1, 350.00, 1, 0),
	(149, 83, 2, 410.00, 1, 0),
	(150, 84, 1, 350.00, 1, 0),
	(151, 85, 1, 350.00, 1, 0),
	(152, 86, 1, 350.00, 1, 0),
	(153, 86, 2, 410.00, 1, 0);
/*!40000 ALTER TABLE `tdetalleventa` ENABLE KEYS */;

-- Volcando estructura para tabla tienda.tproductos
CREATE TABLE IF NOT EXISTS `tproductos` (
  `Id` int(11) NOT NULL AUTO_INCREMENT,
  `Nombre` varchar(50) CHARACTER SET utf8 COLLATE utf8_unicode_ci NOT NULL DEFAULT 'VACIO',
  `Precio` decimal(60,2) NOT NULL DEFAULT '0.00',
  `Descripcion` varchar(50) CHARACTER SET utf8 COLLATE utf8_unicode_ci NOT NULL DEFAULT 'VACIO',
  `Imagen` varchar(255) CHARACTER SET utf8 COLLATE utf8_unicode_ci DEFAULT NULL,
  PRIMARY KEY (`Id`)
) ENGINE=InnoDB AUTO_INCREMENT=4 DEFAULT CHARSET=utf8 COLLATE=utf8_unicode_ci;

-- Volcando datos para la tabla tienda.tproductos: ~3 rows (aproximadamente)
/*!40000 ALTER TABLE `tproductos` DISABLE KEYS */;
INSERT INTO `tproductos` (`Id`, `Nombre`, `Precio`, `Descripcion`, `Imagen`) VALUES
	(1, 'Camiseta 1', 350.00, 'C1', 'https://ep01.epimg.net/elpais/imagenes/2020/07/23/icon/1595503857_526299_1595515633_sumario_normal.jpg'),
	(2, 'Camiseta 2', 410.00, 'C2', 'https://images-na.ssl-images-amazon.com/images/I/718n9QQLpHL._AC_UX385_.jpg'),
	(3, 'Camiseta 3', 290.00, 'C3', 'https://upload.wikimedia.org/wikipedia/commons/2/27/Camiseta_lisa.jpg');
/*!40000 ALTER TABLE `tproductos` ENABLE KEYS */;

-- Volcando estructura para tabla tienda.tventas
CREATE TABLE IF NOT EXISTS `tventas` (
  `Id` int(11) NOT NULL AUTO_INCREMENT,
  `CveTransaccion` varchar(50) CHARACTER SET utf8 COLLATE utf8_unicode_ci NOT NULL DEFAULT 'VACIO',
  `DatosPago` mediumtext CHARACTER SET utf8 COLLATE utf8_unicode_ci NOT NULL,
  `Fecha` date NOT NULL DEFAULT '0000-00-00',
  `Correo` varchar(100) CHARACTER SET utf8 COLLATE utf8_unicode_ci NOT NULL DEFAULT 'VACIO',
  `Total` decimal(60,2) NOT NULL DEFAULT '0.00',
  `Status` varchar(200) CHARACTER SET utf8 COLLATE utf8_unicode_ci NOT NULL DEFAULT 'VACIO',
  PRIMARY KEY (`Id`)
) ENGINE=InnoDB AUTO_INCREMENT=87 DEFAULT CHARSET=utf8 COLLATE=utf8_unicode_ci;

-- Volcando datos para la tabla tienda.tventas: ~86 rows (aproximadamente)
/*!40000 ALTER TABLE `tventas` DISABLE KEYS */;
INSERT INTO `tventas` (`Id`, `CveTransaccion`, `DatosPago`, `Fecha`, `Correo`, `Total`, `Status`) VALUES
	(1, 'ska64q215toi1pekr4gnff7cra', 'ska64q215toi1pekr4gnff7cra', '2020-12-22', 'Correo', 410.00, 'ska64q215toi1pekr4gnff7cra'),
	(2, 'ska64q215toi1pekr4gnff7cra', 'ska64q215toi1pekr4gnff7cra', '2020-12-22', 'wfasd@dfsf.c', 410.00, 'ska64q215toi1pekr4gnff7cra'),
	(3, 'ska64q215toi1pekr4gnff7cra', 'ska64q215toi1pekr4gnff7cra', '2020-12-22', 'wfasd@dfsf.c', 1050.00, 'ska64q215toi1pekr4gnff7cra'),
	(4, 'ska64q215toi1pekr4gnff7cra', 'ska64q215toi1pekr4gnff7cra', '2020-12-22', 'wfasd@dfsf.c', 1050.00, 'ska64q215toi1pekr4gnff7cra'),
	(5, 'ska64q215toi1pekr4gnff7cra', 'ska64q215toi1pekr4gnff7cra', '2020-12-22', 'wfasd@dfsf.c', 1050.00, 'ska64q215toi1pekr4gnff7cra'),
	(6, 'ska64q215toi1pekr4gnff7cra', 'ska64q215toi1pekr4gnff7cra', '2020-12-22', 'wfasd@dfsf.c', 1050.00, 'ska64q215toi1pekr4gnff7cra'),
	(7, 'ska64q215toi1pekr4gnff7cra', 'ska64q215toi1pekr4gnff7cra', '2020-12-22', 'wfasd@dfsf.c', 1050.00, 'ska64q215toi1pekr4gnff7cra'),
	(8, 'ska64q215toi1pekr4gnff7cra', 'ska64q215toi1pekr4gnff7cra', '2020-12-22', 'wfasd@dfsf.c', 1050.00, 'ska64q215toi1pekr4gnff7cra'),
	(9, 'ska64q215toi1pekr4gnff7cra', 'ska64q215toi1pekr4gnff7cra', '2020-12-22', 'wfasd@dfsf.c', 1050.00, 'ska64q215toi1pekr4gnff7cra'),
	(10, 'ska64q215toi1pekr4gnff7cra', 'ska64q215toi1pekr4gnff7cra', '2020-12-22', 'wfasd@dfsf.c', 1050.00, 'ska64q215toi1pekr4gnff7cra'),
	(11, 'ska64q215toi1pekr4gnff7cra', 'ska64q215toi1pekr4gnff7cra', '2020-12-22', 'wfasd@dfsf.c', 1050.00, 'ska64q215toi1pekr4gnff7cra'),
	(12, 'ska64q215toi1pekr4gnff7cra', 'ska64q215toi1pekr4gnff7cra', '2020-12-22', 'wfasd@dfsf.c', 1050.00, 'ska64q215toi1pekr4gnff7cra'),
	(13, 'ska64q215toi1pekr4gnff7cra', 'ska64q215toi1pekr4gnff7cra', '2020-12-22', 'wfasd@dfsf.c', 1050.00, 'ska64q215toi1pekr4gnff7cra'),
	(14, 'ska64q215toi1pekr4gnff7cra', 'ska64q215toi1pekr4gnff7cra', '2020-12-22', 'wfasd@dfsf.c', 1050.00, 'ska64q215toi1pekr4gnff7cra'),
	(15, 'ska64q215toi1pekr4gnff7cra', 'ska64q215toi1pekr4gnff7cra', '2020-12-22', 'wfasd@dfsf.c', 1050.00, 'ska64q215toi1pekr4gnff7cra'),
	(16, 'ska64q215toi1pekr4gnff7cra', 'ska64q215toi1pekr4gnff7cra', '2020-12-22', 'wfasd@dfsf.c', 1050.00, 'ska64q215toi1pekr4gnff7cra'),
	(17, 'ska64q215toi1pekr4gnff7cra', 'ska64q215toi1pekr4gnff7cra', '2020-12-22', 'wfasd@dfsf.c', 1050.00, 'ska64q215toi1pekr4gnff7cra'),
	(18, 'ska64q215toi1pekr4gnff7cra', 'ska64q215toi1pekr4gnff7cra', '2020-12-22', 'wfasd@dfsf.c', 1050.00, 'ska64q215toi1pekr4gnff7cra'),
	(19, 'ska64q215toi1pekr4gnff7cra', 'ska64q215toi1pekr4gnff7cra', '2020-12-22', 'wfasd@dfsf.c', 1050.00, 'ska64q215toi1pekr4gnff7cra'),
	(20, 'ska64q215toi1pekr4gnff7cra', 'ska64q215toi1pekr4gnff7cra', '2020-12-22', 'wfasd@dfsf.c', 1050.00, 'ska64q215toi1pekr4gnff7cra'),
	(21, 'ska64q215toi1pekr4gnff7cra', 'ska64q215toi1pekr4gnff7cra', '2020-12-22', 'wfasd@dfsf.c', 1050.00, 'ska64q215toi1pekr4gnff7cra'),
	(22, 'ska64q215toi1pekr4gnff7cra', 'ska64q215toi1pekr4gnff7cra', '2020-12-22', 'wfasd@dfsf.c', 1050.00, 'ska64q215toi1pekr4gnff7cra'),
	(23, 'ska64q215toi1pekr4gnff7cra', 'ska64q215toi1pekr4gnff7cra', '2020-12-22', 'wfasd@dfsf.c', 1050.00, 'ska64q215toi1pekr4gnff7cra'),
	(24, 'ska64q215toi1pekr4gnff7cra', 'ska64q215toi1pekr4gnff7cra', '2020-12-22', 'wfasd@dfsf.c', 1050.00, 'ska64q215toi1pekr4gnff7cra'),
	(25, 'ska64q215toi1pekr4gnff7cra', 'ska64q215toi1pekr4gnff7cra', '2020-12-22', 'wfasd@dfsf.c', 1050.00, 'ska64q215toi1pekr4gnff7cra'),
	(26, 'ska64q215toi1pekr4gnff7cra', 'ska64q215toi1pekr4gnff7cra', '2020-12-22', 'wfasd@dfsf.c', 1050.00, 'ska64q215toi1pekr4gnff7cra'),
	(27, 'ska64q215toi1pekr4gnff7cra', 'ska64q215toi1pekr4gnff7cra', '2020-12-22', 'wfasd@dfsf.c', 1050.00, 'ska64q215toi1pekr4gnff7cra'),
	(28, 'ska64q215toi1pekr4gnff7cra', 'ska64q215toi1pekr4gnff7cra', '2020-12-22', 'wfasd@dfsf.c', 1050.00, 'ska64q215toi1pekr4gnff7cra'),
	(29, 'ska64q215toi1pekr4gnff7cra', 'ska64q215toi1pekr4gnff7cra', '2020-12-22', 'wfasd@dfsf.c', 1050.00, 'ska64q215toi1pekr4gnff7cra'),
	(30, 'ska64q215toi1pekr4gnff7cra', 'ska64q215toi1pekr4gnff7cra', '2020-12-22', 'wfasd@dfsf.c', 1050.00, 'ska64q215toi1pekr4gnff7cra'),
	(31, 'ska64q215toi1pekr4gnff7cra', 'ska64q215toi1pekr4gnff7cra', '2020-12-22', 'wfasd@dfsf.c', 1050.00, 'ska64q215toi1pekr4gnff7cra'),
	(32, 'ska64q215toi1pekr4gnff7cra', 'ska64q215toi1pekr4gnff7cra', '2020-12-23', 'marcoa.gutierrez97@gmail.com', 350.00, 'ska64q215toi1pekr4gnff7cra'),
	(33, 'ska64q215toi1pekr4gnff7cra', 'ska64q215toi1pekr4gnff7cra', '2020-12-23', 'marcoa.gutierrez97@gmail.com', 350.00, 'ska64q215toi1pekr4gnff7cra'),
	(34, 'ska64q215toi1pekr4gnff7cra', 'ska64q215toi1pekr4gnff7cra', '2020-12-23', 'marcoa.gutierrez97@gmail.com', 350.00, 'ska64q215toi1pekr4gnff7cra'),
	(35, 'ska64q215toi1pekr4gnff7cra', 'ska64q215toi1pekr4gnff7cra', '2020-12-23', 'marcoa.gutierrez97@gmail.com', 350.00, 'ska64q215toi1pekr4gnff7cra'),
	(36, 'ska64q215toi1pekr4gnff7cra', 'ska64q215toi1pekr4gnff7cra', '2020-12-23', 'marcoa.gutierrez97@gmail.com', 410.00, 'ska64q215toi1pekr4gnff7cra'),
	(37, 'ska64q215toi1pekr4gnff7cra', 'ska64q215toi1pekr4gnff7cra', '2020-12-23', 'marcoa.gutierrez97@gmail.com', 410.00, 'ska64q215toi1pekr4gnff7cra'),
	(38, 'ska64q215toi1pekr4gnff7cra', 'ska64q215toi1pekr4gnff7cra', '2020-12-23', 'marcoa.gutierrez97@gmail.com', 410.00, 'ska64q215toi1pekr4gnff7cra'),
	(39, 'ska64q215toi1pekr4gnff7cra', 'ska64q215toi1pekr4gnff7cra', '2020-12-23', 'marcoa.gutierrez97@gmail.com', 410.00, 'ska64q215toi1pekr4gnff7cra'),
	(40, 'ska64q215toi1pekr4gnff7cra', 'ska64q215toi1pekr4gnff7cra', '2020-12-23', 'marcoa.gutierrez97@gmail.com', 410.00, 'ska64q215toi1pekr4gnff7cra'),
	(41, 'ska64q215toi1pekr4gnff7cra', 'ska64q215toi1pekr4gnff7cra', '2020-12-23', 'marcoa.gutierrez97@gmail.com', 410.00, 'ska64q215toi1pekr4gnff7cra'),
	(42, 'ska64q215toi1pekr4gnff7cra', 'ska64q215toi1pekr4gnff7cra', '2020-12-23', 'marcoa.gutierrez97@gmail.com', 410.00, 'ska64q215toi1pekr4gnff7cra'),
	(43, 'ska64q215toi1pekr4gnff7cra', 'ska64q215toi1pekr4gnff7cra', '2020-12-23', 'marcoa.gutierrez97@gmail.com', 410.00, 'ska64q215toi1pekr4gnff7cra'),
	(44, 'ska64q215toi1pekr4gnff7cra', 'ska64q215toi1pekr4gnff7cra', '2020-12-23', 'marcoa.gutierrez97@gmail.com', 410.00, 'ska64q215toi1pekr4gnff7cra'),
	(45, 'ska64q215toi1pekr4gnff7cra', 'ska64q215toi1pekr4gnff7cra', '2020-12-23', 'marcoa.gutierrez97@gmail.com', 410.00, 'ska64q215toi1pekr4gnff7cra'),
	(46, 'ia0qo94t0cm0ngtre15so85ev1', 'ia0qo94t0cm0ngtre15so85ev1', '2020-12-26', 'marcoa.gutierrez97@gmail.com', 350.00, 'ia0qo94t0cm0ngtre15so85ev1'),
	(47, 'ia0qo94t0cm0ngtre15so85ev1', 'ia0qo94t0cm0ngtre15so85ev1', '2020-12-26', 'marcoa.gutierrez97@gmail.com', 350.00, 'ia0qo94t0cm0ngtre15so85ev1'),
	(48, 'ia0qo94t0cm0ngtre15so85ev1', 'ia0qo94t0cm0ngtre15so85ev1', '2020-12-26', 'marcoa.gutierrez97@gmail.com', 350.00, 'ia0qo94t0cm0ngtre15so85ev1'),
	(49, 'ia0qo94t0cm0ngtre15so85ev1', 'ia0qo94t0cm0ngtre15so85ev1', '2020-12-26', 'marcoa.gutierrez97@gmail.com', 350.00, 'ia0qo94t0cm0ngtre15so85ev1'),
	(50, 'ia0qo94t0cm0ngtre15so85ev1', 'ia0qo94t0cm0ngtre15so85ev1', '2020-12-26', 'marcoa.gutierrez97@gmail.com', 350.00, 'ia0qo94t0cm0ngtre15so85ev1'),
	(51, 'ia0qo94t0cm0ngtre15so85ev1', 'ia0qo94t0cm0ngtre15so85ev1', '2020-12-26', 'marcoa.gutierrez97@gmail.com', 350.00, 'ia0qo94t0cm0ngtre15so85ev1'),
	(52, 'ia0qo94t0cm0ngtre15so85ev1', 'ia0qo94t0cm0ngtre15so85ev1', '2020-12-28', 'marcoa.gutierrez97@gmail.com', 350.00, 'ia0qo94t0cm0ngtre15so85ev1'),
	(53, '3baacq41pgmtsns1bne0tsupbf', '3baacq41pgmtsns1bne0tsupbf', '2020-12-29', 'marcoa.gutierrez97@gmail.com', 350.00, '3baacq41pgmtsns1bne0tsupbf'),
	(54, '3baacq41pgmtsns1bne0tsupbf', '3baacq41pgmtsns1bne0tsupbf', '2020-12-29', 'marcoa.gutierrez97@gmail.com', 640.00, '3baacq41pgmtsns1bne0tsupbf'),
	(55, '8inh0gbpc7lfui117npcs7llb0', '8inh0gbpc7lfui117npcs7llb0', '2020-12-29', 'marcoa.gutierrez97@gmail.com', 760.00, '8inh0gbpc7lfui117npcs7llb0'),
	(56, '3baacq41pgmtsns1bne0tsupbf', '3baacq41pgmtsns1bne0tsupbf', '2020-12-29', 'marcoa.gutierrez97@gmail.com', 640.00, '3baacq41pgmtsns1bne0tsupbf'),
	(57, '3baacq41pgmtsns1bne0tsupbf', '3baacq41pgmtsns1bne0tsupbf', '2020-12-29', 'marcoa.gutierrez97@gmail.com', 640.00, '3baacq41pgmtsns1bne0tsupbf'),
	(58, '3baacq41pgmtsns1bne0tsupbf', '3baacq41pgmtsns1bne0tsupbf', '2020-12-29', 'marcoa.gutierrez97@gmail.com', 640.00, '3baacq41pgmtsns1bne0tsupbf'),
	(59, '3baacq41pgmtsns1bne0tsupbf', '3baacq41pgmtsns1bne0tsupbf', '2020-12-29', 'marcoa.gutierrez97@gmail.com', 640.00, '3baacq41pgmtsns1bne0tsupbf'),
	(60, '3baacq41pgmtsns1bne0tsupbf', '3baacq41pgmtsns1bne0tsupbf', '2020-12-29', 'marcoa.gutierrez97@gmail.com', 640.00, '3baacq41pgmtsns1bne0tsupbf'),
	(61, '3baacq41pgmtsns1bne0tsupbf', '3baacq41pgmtsns1bne0tsupbf', '2020-12-30', 'marcoa.gutierrez97@gmail.com', 640.00, '3baacq41pgmtsns1bne0tsupbf'),
	(62, '3baacq41pgmtsns1bne0tsupbf', '3baacq41pgmtsns1bne0tsupbf', '2020-12-30', 'marcoa.gutierrez97@gmail.com', 640.00, '3baacq41pgmtsns1bne0tsupbf'),
	(63, '3baacq41pgmtsns1bne0tsupbf', '3baacq41pgmtsns1bne0tsupbf', '2020-12-30', 'marcoa.gutierrez97@gmail.com', 640.00, '3baacq41pgmtsns1bne0tsupbf'),
	(64, '3baacq41pgmtsns1bne0tsupbf', '3baacq41pgmtsns1bne0tsupbf', '2020-12-30', 'marcoa.gutierrez97@gmail.com', 640.00, '3baacq41pgmtsns1bne0tsupbf'),
	(65, 'floajlnflkmem95j00eec65vf2', 'floajlnflkmem95j00eec65vf2', '2021-01-02', 'marcoa.gutierrez97@gmail.com', 410.00, 'floajlnflkmem95j00eec65vf2'),
	(66, 'floajlnflkmem95j00eec65vf2', 'floajlnflkmem95j00eec65vf2', '2021-01-02', 'marcoa.gutierrez97@gmail.com', 410.00, 'floajlnflkmem95j00eec65vf2'),
	(67, 'floajlnflkmem95j00eec65vf2', 'floajlnflkmem95j00eec65vf2', '2021-01-02', 'marcoa.gutierrez97@gmail.com', 410.00, 'floajlnflkmem95j00eec65vf2'),
	(68, 'floajlnflkmem95j00eec65vf2', 'floajlnflkmem95j00eec65vf2', '2021-01-02', 'marcoa.gutierrez97@gmail.com', 410.00, 'floajlnflkmem95j00eec65vf2'),
	(69, 'floajlnflkmem95j00eec65vf2', 'floajlnflkmem95j00eec65vf2', '2021-01-02', 'marcoa.gutierrez97@gmail.com', 410.00, 'floajlnflkmem95j00eec65vf2'),
	(70, 'floajlnflkmem95j00eec65vf2', 'floajlnflkmem95j00eec65vf2', '2021-01-02', 'marcoa.gutierrez97@gmail.com', 410.00, 'floajlnflkmem95j00eec65vf2'),
	(71, 'floajlnflkmem95j00eec65vf2', 'floajlnflkmem95j00eec65vf2', '2021-01-02', 'marcoa.gutierrez97@gmail.com', 410.00, 'floajlnflkmem95j00eec65vf2'),
	(72, 'floajlnflkmem95j00eec65vf2', 'floajlnflkmem95j00eec65vf2', '2021-01-02', 'marcoa.gutierrez97@gmail.com', 410.00, 'floajlnflkmem95j00eec65vf2'),
	(73, 'floajlnflkmem95j00eec65vf2', 'floajlnflkmem95j00eec65vf2', '2021-01-02', 'marcoa.gutierrez97@gmail.com', 410.00, 'floajlnflkmem95j00eec65vf2'),
	(74, 'floajlnflkmem95j00eec65vf2', 'floajlnflkmem95j00eec65vf2', '2021-01-02', 'marcoa.gutierrez97@gmail.com', 410.00, 'floajlnflkmem95j00eec65vf2'),
	(75, 'floajlnflkmem95j00eec65vf2', 'floajlnflkmem95j00eec65vf2', '2021-01-02', 'marcoa.gutierrez97@gmail.com', 410.00, 'floajlnflkmem95j00eec65vf2'),
	(76, 'floajlnflkmem95j00eec65vf2', 'floajlnflkmem95j00eec65vf2', '2021-01-02', 'marcoa.gutierrez97@gmail.com', 410.00, 'floajlnflkmem95j00eec65vf2'),
	(77, 'floajlnflkmem95j00eec65vf2', 'floajlnflkmem95j00eec65vf2', '2021-01-02', 'marcoa.gutierrez97@gmail.com', 410.00, 'floajlnflkmem95j00eec65vf2'),
	(78, 'floajlnflkmem95j00eec65vf2', 'floajlnflkmem95j00eec65vf2', '2021-01-02', 'marcoa.gutierrez97@gmail.com', 410.00, 'floajlnflkmem95j00eec65vf2'),
	(79, '341g5amdhr6c77inenu30o8ido', '341g5amdhr6c77inenu30o8ido', '2021-01-04', 'marcoa.gutierrez97@gmail.com', 760.00, '341g5amdhr6c77inenu30o8ido'),
	(80, '341g5amdhr6c77inenu30o8ido', '341g5amdhr6c77inenu30o8ido', '2021-01-04', 'marcoa.gutierrez97@gmail.com', 760.00, '341g5amdhr6c77inenu30o8ido'),
	(81, '341g5amdhr6c77inenu30o8ido', '341g5amdhr6c77inenu30o8ido', '2021-01-04', 'marcoa.gutierrez97@gmail.com', 760.00, '341g5amdhr6c77inenu30o8ido'),
	(82, '341g5amdhr6c77inenu30o8ido', '341g5amdhr6c77inenu30o8ido', '2021-01-04', 'marcoa.gutierrez97@gmail.com', 760.00, '341g5amdhr6c77inenu30o8ido'),
	(83, '341g5amdhr6c77inenu30o8ido', '341g5amdhr6c77inenu30o8ido', '2021-01-04', 'marcoa.gutierrez97@gmail.com', 760.00, '341g5amdhr6c77inenu30o8ido'),
	(84, '341g5amdhr6c77inenu30o8ido', '341g5amdhr6c77inenu30o8ido', '2021-01-04', 'marcoa.gutierrez97@gmail.com', 350.00, '341g5amdhr6c77inenu30o8ido'),
	(85, '341g5amdhr6c77inenu30o8ido', '341g5amdhr6c77inenu30o8ido', '2021-01-04', 'marcoa.gutierrez97@gmail.com', 350.00, '341g5amdhr6c77inenu30o8ido'),
	(86, '341g5amdhr6c77inenu30o8ido', '341g5amdhr6c77inenu30o8ido', '2021-01-04', 'marcoa.gutierrez97@gmail.com', 760.00, '341g5amdhr6c77inenu30o8ido');
/*!40000 ALTER TABLE `tventas` ENABLE KEYS */;

/*!40101 SET SQL_MODE=IFNULL(@OLD_SQL_MODE, '') */;
/*!40014 SET FOREIGN_KEY_CHECKS=IF(@OLD_FOREIGN_KEY_CHECKS IS NULL, 1, @OLD_FOREIGN_KEY_CHECKS) */;
/*!40101 SET CHARACTER_SET_CLIENT=@OLD_CHARACTER_SET_CLIENT */;
